<?xml version="1.0" encoding="UTF-8"?>
<project-private xmlns="http://www.netbeans.org/ns/project-private/1">
    <editor-bookmarks xmlns="http://www.netbeans.org/ns/editor-bookmarks/2" lastBookmarkId="0"/>
    <open-files xmlns="http://www.netbeans.org/ns/projectui-open-files/2">
        <group>
            <file>file:/C:/Users/faiaz/Documents/NetBeansProjects/COMP228Lab5/src/comp228lab5/COMP228Lab5.java</file>
            <file>file:/C:/Users/faiaz/Documents/NetBeansProjects/COMP228Lab5/src/comp228lab5/GameProfile.java</file>
            <file>file:/C:/Users/faiaz/Documents/NetBeansProjects/COMP228Lab5/src/comp228lab5/Game.java</file>
            <file>file:/C:/Users/faiaz/Documents/NetBeansProjects/COMP228Lab5/src/comp228lab5/Player.java</file>
        </group>
    </open-files>
</project-private>
